candidate_id,full_name,email,phone,education_level,experience_years,applied_date
4,Briana Hogan,jeromemorgan@example.org,280.686.3887,B.Tech,6.4,2025-07-11
5,Wayne Gonzalez,ian21@example.org,(420)228-7868,B.Tech,3.2,2025-06-22
6,Mitchell Frazier,muellersteven@example.net,(994)789-8938,B.Sc,9.7,2025-07-12
7,David Harris,angelaflowers@example.org,286-432-3059,MBA,9.4,2025-07-15
8,Vanessa Melendez,savannahdavis@example.net,+1-936-396-5933,MBA,1.8,2025-06-19
9,Samantha Hamilton,adrianwilliams@example.com,6895784190,B.Tech,3.9,2025-07-06
10,Brad Welch,umurphy@example.org,206-437-4726x32,M.Tech,9.2,2025-07-01
11,Howard Juarez,llindsey@example.net,001-806-524-109,B.Sc,1.4,2025-07-14
12,John Mayer,lawrencebaird@example.com,245.397.4680,M.Tech,3.1,2025-07-12
13,Oscar Hahn,benjaminschmidt@example.net,001-968-849-713,MBA,0.9,2025-07-15
14,Tiffany Matthews,rebecca52@example.org,273.537.6190,B.Tech,8.5,2025-06-17
15,Timothy Anthony,john93@example.org,(235)956-1729x2,M.Tech,9.0,2025-07-12
16,Curtis Beck,jamessimmons@example.org,+1-316-422-4966,B.Tech,6.5,2025-07-03
17,Mrs. Joan Downs,tiffany73@example.net,001-828-964-132,MBA,9.5,2025-06-20
18,Susan Smith,stewartbrenda@example.com,(226)597-9061x2,MBA,9.2,2025-07-05
19,Mark Morales,steveknapp@example.net,(369)971-9978,B.Sc,0.1,2025-07-12
20,Megan Thomas,perezbrittany@example.net,001-770-458-284,M.Tech,5.0,2025-07-05
21,Jamie Rodriguez,kelleyamanda@example.net,001-529-828-812,B.Sc,8.0,2025-06-17
22,Cynthia Banks,leonbenjamin@example.com,+1-717-261-1840,B.Tech,8.2,2025-07-01
23,Jennifer Gonzalez,valerielester@example.net,001-331-789-297,MBA,6.2,2025-07-04
24,Robert Knapp,mackchristina@example.com,656-559-7055,B.Sc,2.8,2025-06-27
25,Sara French,christopherrodgers@example.net,857.814.3675,B.Tech,7.1,2025-06-24
26,Antonio Sanders,cynthiamarshall@example.net,001-288-211-786,MBA,3.9,2025-07-05
27,Victor Nguyen,troystevenson@example.net,943-957-9889,B.Tech,3.0,2025-06-19
28,Tina Stephens,laura07@example.com,+1-555-947-8718,MBA,0.2,2025-07-02
29,Ryan Wallace,wilsonchelsea@example.org,480-728-8684x68,B.Sc,0.8,2025-06-17
30,Mark Brown,jennifer29@example.com,+1-986-630-7951,B.Tech,5.5,2025-06-29
31,Todd Levy,hwhite@example.com,+1-748-891-0958,MBA,4.8,2025-07-07
32,Alexandra Lee,fclark@example.net,+1-994-720-6325,M.Tech,5.7,2025-06-29
33,Gary Robertson,nortonronnie@example.com,921.316.8736x10,M.Tech,4.5,2025-06-30
34,Kristy Mcconnell,slynch@example.org,+1-897-915-3961,M.Tech,7.8,2025-06-28
35,Michael Koch,katherine41@example.net,+1-889-320-2585,M.Tech,5.5,2025-07-05
36,Jessica Morgan MD,hornjoshua@example.com,(844)757-3814,MBA,4.3,2025-06-27
37,Tracy Smith,hmcintyre@example.com,(964)790-1429x1,B.Sc,5.7,2025-06-23
38,Brian Gibson,manningtamara@example.net,830-407-5604,M.Tech,4.0,2025-07-05
39,Gwendolyn Johnson,edward82@example.org,(391)448-8048,B.Sc,7.3,2025-07-01
40,William Johnson,karenwatts@example.net,001-854-451-290,M.Tech,7.2,2025-07-06
41,Samantha Harris,sandrabarton@example.org,(780)816-0623x0,M.Tech,4.1,2025-06-25
42,Susan Scott,rrobertson@example.com,823.569.5154,M.Tech,1.9,2025-06-22
43,Daniel Baker,crystalavila@example.net,293.747.9615,B.Sc,4.5,2025-07-01
44,Megan Irwin,yzhang@example.org,+1-733-603-5224,MBA,8.8,2025-06-20
45,Michael Jones,qwilliams@example.net,001-995-293-547,M.Tech,0.3,2025-07-04
46,Steven Wilson MD,alexandra26@example.net,+1-583-993-7324,M.Tech,9.2,2025-07-05
47,Thomas Mejia,bestjeremy@example.org,+1-851-372-0404,B.Sc,9.1,2025-07-12
48,Gabriella Long,markliu@example.net,+1-482-219-3223,B.Sc,6.1,2025-07-04
49,Rebecca Roberts,craig95@example.net,(247)222-6805x9,MBA,2.7,2025-06-17
50,Nathaniel Bennett,luis33@example.org,(997)777-3343,M.Tech,2.8,2025-07-02
51,Robert Henderson,halvarez@example.com,973.288.6608,M.Tech,4.1,2025-06-27
52,Gloria Mills,navarrojonathan@example.net,+1-282-627-8282,M.Tech,2.9,2025-06-16
53,Debra Luna,tiffany06@example.com,423.353.8597x53,MBA,5.8,2025-06-21
54,Shane Williamson,adamsjoseph@example.com,001-927-201-291,B.Tech,5.9,2025-06-28
55,Krista Nguyen,brenda28@example.org,382-926-2276x99,B.Tech,7.8,2025-07-09
56,Brian Hughes,suzanne72@example.com,334.281.9754x67,M.Tech,9.8,2025-07-12
57,Rhonda Shaffer,btrevino@example.net,001-817-644-452,M.Tech,2.1,2025-07-13
58,Latoya Newton,jennifersalinas@example.net,359-924-6229,MBA,3.3,2025-07-01
59,Brandi West,richardjackson@example.net,491.296.9688x31,MBA,1.9,2025-07-10
60,Tracy Bartlett,jlang@example.org,422.655.0351,B.Tech,9.2,2025-07-04
61,Kenneth Shaw,lewisyvonne@example.com,(644)416-2839,B.Sc,2.8,2025-07-09
62,Sara Daniels,deanna82@example.org,+1-568-962-0781,B.Sc,6.3,2025-07-04
63,Kathleen Cohen,vickiturner@example.net,814-222-9681,MBA,9.8,2025-06-16
64,Daniel Calderon PhD,adriennevasquez@example.org,(878)892-6208,MBA,0.3,2025-06-24
65,Amy Parker,traceypacheco@example.org,+1-271-735-4711,B.Tech,8.3,2025-07-07
66,Jessica Griffin,jmontoya@example.org,459-200-7610x58,M.Tech,1.7,2025-06-26
67,Sarah Kirby,brendagonzalez@example.com,847-537-8821x84,B.Tech,2.9,2025-06-19
68,Nicholas Mitchell,jenniferreynolds@example.com,001-425-971-053,B.Sc,4.6,2025-06-20
69,Karen Nelson,vhamilton@example.net,885.841.5131x14,M.Tech,3.7,2025-07-06
70,Michael Arias,megan78@example.net,834.371.9106,MBA,6.7,2025-07-03
71,Tamara Rodriguez,katherinegood@example.com,+1-238-638-8967,B.Tech,0.3,2025-06-23
72,Deborah Carter,tferguson@example.com,001-903-443-319,M.Tech,8.5,2025-07-15
73,Michelle Mckay,williamsonglenn@example.org,+1-281-968-7027,B.Tech,1.7,2025-07-02
74,Steven Lewis,jimmy44@example.org,705.327.2534x61,MBA,4.7,2025-07-02
75,Julia Keller,jody99@example.net,001-753-426-002,M.Tech,9.0,2025-07-03
76,Dr. Bradley Knight,lewismary@example.com,6297236804,M.Tech,6.4,2025-07-07
77,Chris Dixon,mbrooks@example.net,001-753-354-558,B.Sc,0.4,2025-06-27
78,Amanda Booth,romerojessica@example.com,+1-642-561-3592,M.Tech,3.4,2025-06-24
79,Jeffrey Robinson,ronaldgonzalez@example.net,586.440.2768,M.Tech,6.3,2025-07-13
80,Sherry Long,wwolf@example.com,627.269.2502,B.Sc,8.1,2025-06-22
81,Douglas Jackson,swilson@example.org,(360)644-0074,B.Sc,4.3,2025-07-01
82,Mr. James Wade,wmurphy@example.net,2125720263,B.Sc,8.5,2025-06-20
83,Jonathan Ray,zrobinson@example.org,(782)526-2255,B.Sc,8.0,2025-06-19
84,Laura Cannon,austin94@example.com,5913665764,B.Sc,6.1,2025-06-21
85,Regina Wilson,lori53@example.net,(756)700-4514,MBA,4.1,2025-06-28
86,Christopher Phillips,mmurray@example.org,+1-307-568-4377,MBA,3.7,2025-07-13
87,Jack Nichols,katherineharris@example.org,5986136532,M.Tech,3.7,2025-07-09
88,Danielle Adams,kyle67@example.com,730.605.6602x57,B.Tech,9.3,2025-06-18
89,Savannah Robbins,nathanfox@example.com,3212421370,M.Tech,2.6,2025-06-21
90,Rebecca Ray,fmcconnell@example.net,240-943-2415x56,MBA,1.7,2025-06-26
91,Charles Richardson,patrick31@example.net,293.546.0253x59,MBA,5.0,2025-06-28
92,Laura Villarreal,donna65@example.org,762.427.8996x95,M.Tech,7.2,2025-07-02
93,Peter Buchanan,morristara@example.net,773.512.7426,M.Tech,3.7,2025-06-16
94,Jill Mitchell,danielsandoval@example.com,2566323836,M.Tech,1.2,2025-07-10
95,Jonathan Martin,christopher76@example.com,599-790-3724,B.Sc,7.1,2025-06-16
96,Ryan Valenzuela,yrice@example.net,+1-305-986-5186,MBA,6.7,2025-07-07
97,Brittany Miller,nancybutler@example.com,(965)774-6007,M.Tech,2.4,2025-06-19
98,Ebony Long,grhodes@example.org,(259)247-2100x8,MBA,7.7,2025-06-19
99,Kenneth Hoover,crodriguez@example.net,(933)495-9655x9,B.Tech,7.6,2025-06-24
100,Jamie Sweeney,halldonald@example.net,634-240-9064x31,MBA,9.8,2025-07-13
101,Jennifer Carney,heather59@example.net,(358)752-4300,MBA,5.7,2025-06-17
102,John Maldonado,allenlori@example.com,917-854-6178x77,MBA,3.4,2025-06-17
103,Brenda Johnson,gmarshall@example.org,(960)805-0240x1,MBA,5.7,2025-07-08
104,Steve Harrison,huntmisty@example.org,267.687.2947x62,B.Tech,9.4,2025-07-12
105,Charles Ellis,misty29@example.org,(293)390-3937,B.Sc,2.7,2025-06-19
106,Albert Ward,whitesamuel@example.com,001-936-923-732,B.Tech,2.4,2025-06-16
107,Rebekah Yates,summersmichael@example.com,(778)947-4437x1,B.Tech,4.7,2025-07-06
108,Raymond French,kevinmurray@example.org,563-525-2860,M.Tech,6.9,2025-06-16
109,William Hines,kimberly44@example.org,(523)267-8865,B.Sc,6.2,2025-06-23
110,Jennifer Wood,crosbydonald@example.net,(343)232-8782x6,B.Sc,1.9,2025-06-24
111,Natalie Li,blackclaudia@example.org,(999)550-8070,MBA,8.6,2025-07-12
112,Daniel Kemp,beasleyrobert@example.com,250.723.1016x69,M.Tech,1.8,2025-07-07
113,Todd Daniels,heathercollins@example.org,+1-963-778-8391,MBA,2.4,2025-06-29
114,Kelly Brown,jack26@example.net,(207)478-4577x7,B.Sc,9.8,2025-06-26
115,Sandra Sandoval,elizabethhall@example.com,001-564-402-539,M.Tech,2.1,2025-06-29
116,Adam Peterson,lindseyjason@example.org,882.463.6304,MBA,0.1,2025-06-28
117,William Smith,heather91@example.com,+1-480-823-6936,M.Tech,0.7,2025-06-21
118,Stephen Kelley,barnesbrittany@example.com,+1-479-220-8656,B.Sc,3.2,2025-07-14
119,Jennifer Diaz,mtran@example.com,(375)222-6270x7,B.Tech,1.0,2025-07-11
120,Shannon Williams,angela79@example.net,8654191690,B.Sc,8.0,2025-07-10
121,Shelley Brennan,mcbridejulie@example.org,+1-870-715-3972,MBA,1.5,2025-06-25
122,Andrew Smith,pdaniels@example.org,627-761-5509x26,M.Tech,9.6,2025-06-20
123,Sue Wang,ymorris@example.com,566-705-4458x51,B.Tech,9.1,2025-06-28
